IAM,Year,Country,Project,ID,IAM ID,Filer(s),Environmental Category,Project Company,Project Number,Related Project Number,Project Type,Financial Institution,Project Loan Amount,Sector,Issues,Complaint Status,Filing Date,Registration Start Date,Registration End Date,Eligibility Start Date,Eligibility End Date,Dispute Resolution Start Date,Dispute Resolution End Date,Compliance Review Start Date,Compliance Review End Date,Monitoring Start Date,Monitoring End Date,Compliance Report Issued?,Date Closed,Documents,Hyperlink,Project Date,Project Status,Project Description
EBRD PCM, 2018,Georgia,Nenskra HPP," 2018/08
 ",26,,17 Mar 2017,,46778,,,,,Power and energy,,,,11/06/2018,,,,,,,,,,,,,https://www.ebrd.com/work-with-us/projects/esia/nenskra-hpp-portage.html,Board Approved,31 Jan 2018,
EBRD PCM,2018,Bosnia and Herzegovina,GrCF - Banja Luka District Heating,"2018/07
 ",26,,B,,49407,,,,,Municipal and environmental infrastructure,,,,17/05/2018,,,,,,,,,,,,,https://www.ebrd.com/work-with-us/projects/psd/grcf-banja-luka-district-heating.html,24 Oct 2017,Disbursing,
EBRD PCM,2018,Bosnia and Herzegovina,Sarajevo Urban Roads Development Project,"2018/06
 ",26,,A,,42889,,,,,Municipal and environmental infrastructure,,,,15/05/2018,,,,,,,,,,,,,https://www.ebrd.com/work-with-us/projects/psd/sarajevo-urban-roads-development-project.html,11 Oct 2011,Repaying,
EBRD PCM,2018,Serbia,EPS Restructuring,"2018/05
 ",26,,B,,47318,,,,,Power and energy,,,,10/05/2018,,,,,,,,,,,,,https://www.ebrd.com/work-with-us/projects/psd/eps-restructuring.html,28 Oct 2015,Repaying,
EBRD PCM,2018,Azerbaijan,Lukoil Shah Deniz Stage II,2018/04,26,,A,,46766,,,,,Natural resources,,,,15/03/2018,,,,,,,,,,,,,https://www.ebrd.com/work-with-us/projects/psd/lukoil-shah-deniz-stage-ii.html,22 Jul 2015,Disbursing,
EBRD PCM,2018,Georgia,Shuakhevi HPP,2018/03,26,,A,,45335,,,,,Power and energy,,,,15/03/2018,,,,,,,,,,,,,https://www.ebrd.com/work-with-us/projects/psd/shuakhevi-hpp.html,30 Apr 2014,Disbursing,
EBRD PCM,2018,Tajikistan,Agroinvestbank Equity Investment,2018/02,26,,FI,,39390,,,,,Financial institutions,,,,15/03/2018,,,,,,,,,,,,,https://www.ebrd.com/work-with-us/projects/psd/agroinvestbank-equity-investment.html,25 Mar 2009,Disbursing,
EBRD PCM,2018,Tajikistan,Kozloduy International Decommissioning Support Fund,2018/01,26,,FI,,39390,,,,,Financial institutions,,,,15/03/2018,,,,,,,,,,,,,https://www.ebrd.com/what-we-do/sectors-and-topics/nuclear-safety/kozloduy.html,25 Mar 2009,Disbursing,
EBRD PCM,2017,Regional,CMI Offshore,2017/10,26,,B,,47096,,,,,Transport,,,,20/10/2017,,,,,,,,,,,,,https://www.ebrd.com/work-with-us/projects/psd/cmi-offshore.html,18 Oct 2017,Board Approved,
EBRD PCM,2017,Bulgaria,BEH Bond Issue,2017/09,26,,B,,48556,,,,,Power and energy,,,,18/10/2017,,,,,,,,,,,,,https://www.ebrd.com/work-with-us/projects/psd/beh-bond-issue.html,20 Jul 2016,Signed,
EBRD PCM,2017,Serbia,Belgrade Public Transport and Traffic Infrastructure,2017/08,26,,B,,42809,,,,,Municipal and environmental infrastructure,,,,14/09/2017,,,,,,,,,,,,,https://www.ebrd.com/work-with-us/projects/psd/beh-bond-issue.html,05 Jul 2017,Signed,
EBRD PCM,2017,Azerbaijan,Lukoil Shah Deniz Stage II,2017/07,26,,A,,46766,,,,,Natural resources,,,,06/09/2017,,,,,,,,,,,,,https://www.ebrd.com/work-with-us/projects/psd/beh-bond-issue.html,22 Jul 2015,Disbursing,
EBRD PCM,2017,Serbia,Belgrade Public Transport and Traffic Infrastructure,2017/06,26,,B,,42809,,,,,Municipal and environmental infrastructure,,,,04/09/2017,,,,,,,,,,,,,https://www.ebrd.com/work-with-us/projects/psd/beh-bond-issue.html,05 Jul 2017,Signed,
EBRD PCM,2017,Regional,Southeast Europe Equity Fund II,2017/05,26,,FI,,34894,,,,,Equity funds,,,,18/08/2017,,,,,,,,,,,,,https://www.ebrd.com/work-with-us/projects/psd/beh-bond-issue.html,06 Sep 2005,Repaying,
EBRD PCM,2017,Serbia,EPS Kolubara Environmental Improvement,2017/04,26,,A,,41923,,,,,Power and energy,,,,25/07/2017,,,,,,,,,,,,,https://www.ebrd.com/work-with-us/projects/psd/eps-kolubara-environmental-improvement.html,26 Jul 2011,Repaying,
EBRD PCM,2017,Serbia,EPS Restructuring,2017/03,26,,B,,47318,,,,,Power and energy,,,,15/06/2017,,,,,,,,,,,,,https://www.ebrd.com/work-with-us/projects/psd/eps-restructuring.html,28 Oct 2015,Repaying,
EBRD PCM,2017,Georgia,GEORGIA - Jvari-Khorga Interconnection,2017/02,26,,A,,45181,,,,,Power and energy,,,,08/05/2017,,,,,,,,,,,,,https://www.ebrd.com/work-with-us/projects/psd/georgia---jvari-khorga-interconnection.html,16 Oct 2013,Repaying,
EBRD PCM,2017,Montenegro,Krnovo Wind Farm,2017/01,26,,B,,44546,,,,,Power and energy,,,,06/03/2017,,,,,,,,,,,,,https://www.ebrd.com/work-with-us/projects/psd/krnovo-wind-farm.html,06 May 2015,Repaying,
EBRD PCM,2016,Serbia,EPS Restructuring,2016/01,26,,B,,47318,,,,,Power and energy,,,,23/02/2016,,,,,,,,,,,,,https://www.ebrd.com/work-with-us/projects/psd/eps-restructuring.html,28 Oct 2015,Repaying,
EBRD PCM,2015,Turkey,Turk Traktor,2015/03,26,,B,,44173,,,,,Manufacturing and Services,,,,11/09/2015,,,,,,,,,,,,,https://www.ebrd.com/work-with-us/projects/psd/turk-traktor.html,12 Mar 2013,Repaying,
EBRD PCM,2015,Jordan,IPP4 Al-Manakher Power Project,2015/02,26,,A,,44284,,,,,,,,,11/08/2015,,,,,,,,,,,,,https://www.ebrd.com/work-with-us/projects/psd/ipp4-al-manakher-power-project.html,17 Oct 2012,Signed,
EBRD PCM,2015,Mongolia,Altain Khuder - Debt,2015/01,26,,B,,43804,,,,,Natural resources,,,,15/01/2015,,,,,,,,,,,,,https://www.ebrd.com/work-with-us/projects/psd/altain-khuder-debt.html,31 Jan 2012,Disbursing,
EBRD PCM,2014,Georgia,Dariali HPP,2014/05,26,,A,,45542,,,,,Power and energy,,,,08/12/2014,,,,,,,,,,,,,https://www.ebrd.com/work-with-us/projects/psd/dariali-hpp.html,07 May 2014,Repaying,
EBRD PCM,2014,Kazakhstan,South-West Corridor Road Project,2014/04,26,,B,,39258,,,,,Transport,,,,24/11/2014,,,,,,,,,,,,,https://www.ebrd.com/work-with-us/projects/psd/southwest-corridor-road-project.html,11 Nov 2008,Repaying,
EBRD PCM,2014,Armenia,DIF - Lydian (Amulsar Gold Mine),2014/03,26,,A,,42182,,,,,Natural resources,,,,07/11/2014,,,,,,,,,,,,,https://www.ebrd.com/work-with-us/projects/psd/dif-lydian-amulsar-gold-mine.html,22 Feb 2009,Disbursing,
EBRD PCM,2014,Armenia,DIF - Lydian (Amulsar Gold Mine),2014/02,26,,A,,42182,,,,,Natural resources,,,,31/07/2014,,,,,,,,,,,,,https://www.ebrd.com/work-with-us/projects/psd/dif-lydian-amulsar-gold-mine.html,22 Feb 2009,Disbursing,
EBRD PCM,2014,Romania,Oltenia - Turceni Rehabilitation,2014/01,26,,B,,44732,,,,,Power and energy,,,,21/07/2014,,,,,,,,,,,,,https://www.ebrd.com/work-with-us/projects/psd/oltenia---turceni-rehabilitation.html,23 Jul 2013,Cancelled,
EBRD PCM,2013,Serbia,EPS: Emergency Power Sector Reconstruction Loan,2013/03,26,,B,,17829,,,,,Power and energy,,,,29/10/2013,,,,,,,,,,,,,https://www.ebrd.com/work-with-us/projects/psd/eps-emergency-power-sector-reconstruction-loan.html,23 Oct 2001,Completed,
EBRD PCM,2013,Serbia,EPS POWER II,2013/02,26,,A,,27005,,,,,Power and energy,,,,23/08/2013,,,,,,,,,,,,,https://www.ebrd.com/work-with-us/projects/psd/eps-power-ii.html,15 Jul 2003,Signed,
EBRD PCM,2013,Mongolia,Energy Resources Phase II,2013/01b,26,,A,,39957,,,,,Natural resources,,,,02/08/2013,,,,,,,,,,,,,https://www.ebrd.com/work-with-us/projects/psd/energy-resources-phase-ii.html,23 Mar 2010,Complete,
EBRD PCM,2013,Mongolia,Oyu Tolgoi,2013/01a,26,,A,,41158,,,,,Natural resources,,,,"02/08/2013
 ",,,,,,,,,,,,,https://www.ebrd.com/work-with-us/projects/psd/oyu-tolgoi-.html,14 Jan 2015,Disbursing,
EBRD PCM,2012,Serbia,EPS Kolubara Environmental Improvement,2012/04,26,,A,,41923,,,,,Power and energy,,,,31/08/2012,,,,,,,,,,,,,https://www.ebrd.com/work-with-us/projects/psd/eps-kolubara-environmental-improvement.html,26 Jul 2011,Repaying,
EBRD PCM,2012,Slovenia,Sostanj Thermal Power Plant,2012/03,26,,A,,40417,,,,,Power and energy,,,,24/01/2012,,,,,,,,,,,,,https://www.ebrd.com/cs/Satellite?c=Content&cid=1395238880994&d=&pagename=EBRD%2FContent%2FContentLayout,20 Jul 2010,Repaying,
EBRD PCM,2012,Ukraine,Rivne Kyiv High Voltage Line Project,2012/02,26,,A,,37598,,,,,Power and energy,,,,17/01/2012,,,,,,,,,,,,,https://www.ebrd.com/work-with-us/projects/psd/rivne-kyiv-high-voltage-line-project.html,06 Nov 2007,Repaying,
EBRD PCM,2012,Georgia,Paravani HPP,2012/010,26,,A,,38940,,,,,Power and energy,,,,04/01/2012,,,,,,,,,,,,,https://www.ebrd.com/work-with-us/projects/psd/paravani-hpp.html,14 Jun 2011,Repaying,
EBRD PCM,2011,Croatia,Ombla HPP,2011/06,26,,A,,42219,,,,,Power and energy,,,,24/11/2011,,,,,,,,,,,,,https://www.ebrd.com/work-with-us/projects/psd/ombla-hpp.html,22 Nov 2011,Cancelled,
EBRD PCM,2011,FYR Macedonia,Boskov Hydro power project,2011/05,26,,A,,41979,,,,,Power and energy,,,,"14/11/2011
10/01/2012",,,,,,,,,,,,,https://www.ebrd.com/work-with-us/projects/psd/boskov-most-hydro-power-project.html,08 Nov 2011,Cancelled,
EBRD PCM,2011,Georgia,Georgia: Tbilisi Railway Bypass Project,2011/04,26,,A,,40173,,,,,Transport,,,,24/03/2011,,,,,,,,,,,,,https://www.ebrd.com/cs/Satellite?c=Content&cid=1395238888761&d=&pagename=EBRD%2FContent%2FContentLayout,09 Mar 2010,Cancelled,
EBRD PCM,2011,Georgia,Georgia: Tbilisi Railway Bypass Project,2011/03,26,,A,,40173,,,,,Transport,,,,14/03/2011,,,,,,,,,,,,,https://www.ebrd.com/cs/Satellite?c=Content&cid=1395238888761&d=&pagename=EBRD%2FContent%2FContentLayout,09 Mar 2010,Cancelled,
EBRD PCM,2011,Georgia,Georgia: Tbilisi Railway Bypass Project,2011/02,26,,A,,40173,,,,,Transport,,,,14/03/2011,,,,,,,,,,,,,https://www.ebrd.com/cs/Satellite?c=Content&cid=1395238888761&d=&pagename=EBRD%2FContent%2FContentLayout,09 Mar 2010,Cancelled,
EBRD PCM,2011,Georgia,Georgia: Tbilisi Railway Bypass Project,2011/01,26,,A,,40173,,,,,Transport,,,,14/03/2011,,,,,,,,,,,,,https://www.ebrd.com/cs/Satellite?c=Content&cid=1395238888761&d=&pagename=EBRD%2FContent%2FContentLayout,09 Mar 2010,Cancelled,
EBRD PCM,2010,Slovak Republic,D1 Motorway Phase I,2010/01,26,,A,,39007,,,,,Transport,,,,11/06/2010,,,,,,,,,,,,,https://www.ebrd.com/cs/Satellite?c=Content&cid=1395238882116&d=&pagename=EBRD%2FContent%2FContentLayout,27 Apr 2010,Cancelled,
