IAM,Year,Country,Project,ID,IAM ID,Filer(s),Environmental Category,Project Company,Project Number,Related Project Number,Project Type,Financial Institution,Project Loan Amount,Sector,Issues,Complaint Status,Filing Date,Registration Start Date,Registration End Date,Eligibility Start Date,Eligibility End Date,Dispute Resolution Start Date,Dispute Resolution End Date,Compliance Review Start Date,Compliance Review End Date,Monitoring Start Date,Monitoring End Date,Compliance Report Issued?,Date Closed,Documents,Hyperlink,Project Date,Project Status,Project Description
EIB,2018,France,Grand Contournement Ouest de Strasbourg,SG/E/2018/26,29,Confidential,,,,,,,,,,Admissibility,12/04/2018,12/04/2018,,,,,,,,,,,,,http://www.eib.org/about/accountability/complaints/cases/grand-contournement-ouest-de-strasbourg,,,
EIB,2018,Spain,Spain Gas Network Expansion II,SG/E/2018/23,29,Confidential,,,,,,,,,,Assessment,02/03/2018,02/03/2018,,,,,,,,,,,,,http://www.eib.org/about/accountability/complaints/cases/spain-gas-network-expansion-ii8,,,
EIB,2018,Spain,Spain Gas Network Expansion II,SG/E/2018/22,29,Confidential,,,,,,,,,,Assessment,01/03/2018,01/03/2018,,,,,,,,,,,,,http://www.eib.org/about/accountability/complaints/cases/spain-gas-network-expansion-ii7,,,
EIB,2018,Spain,Spain Gas Network Expansion II,SG/E/2018/21,29,Confidential,,,,,,,,,,Assessment,28/02/2018,28/02/2018,,,,,,,,,,,,,http://www.eib.org/about/accountability/complaints/cases/spain-gas-network-expansion-ii6,,,
EIB,2018,Spain,Spain Gas Network Expansion II,SG/E/2018/20,29,Confidential,,,,,,,,,,Assessment,23/02/2018,23/02/2018,,,,,,,,,,,,,http://www.eib.org/about/accountability/complaints/cases/spain-gas-network-expansion-ii5,,,
EIB,2018,Spain,Spain Gas Network Expansion II,SG/E/2018/18,29,Confidential,,,,,,,,,,Assessment,16/02/2018,16/02/2018,,,,,,,,,,,,,http://www.eib.org/about/accountability/complaints/cases/spain-gas-network-expansion-ii4,,,
EIB,2018,Spain,Spain Gas Network Expansion II,SG/E/2018/17,29,Confidential,,,,,,,,,,Assessment,14/02/2018,14/02/2018,,,,,,,,,,,,,http://www.eib.org/about/accountability/complaints/cases/spain-gas-network-expansion-ii3,,,
EIB,2018,Italy,Trans Adriatic Pipeline,SG/E/2018/19,29,Confidential,,,,,,,,,,Assessment,09/02/2018,09/02/2018,,,,,,,,,,,,,http://www.eib.org/about/accountability/complaints/cases/trans-adriatic-pipeline22,,,
EIB,2018,Spain,Spain Gas Network Expansion II,SG/E/2018/15,29,Confidential,,,,,,,,,,Assessment,06/02/2018,06/02/2018,,,,,,,,,,,,,http://www.eib.org/about/accountability/complaints/cases/spain-gas-network-expansion-ii2,,,
EIB,2018,Italy,Trans Adriatic Pipeline,SG/E/2018/11,29,Confidential,,,,,,,,,,Assessment,06/02/2018,06/02/2018,,,,,,,,,,,,,http://www.eib.org/about/accountability/complaints/cases/trans-adriatic-pipeline21,,,
EIB,2018,Spain,Spain Gas Network Expansion II,SG/E/2018/14,29,Confidential,,,,,,,,,,Assessment,05/02/2018,05/02/2018,,,,,,,,,,,,,http://www.eib.org/about/accountability/complaints/cases/spain-gas-network-expansion-ii1,,,
EIB,2018,Italy,Trans Adriatic Pipeline,SG/E/2018/10,29,Confidential,,,,,,,,,,Assessment,05/02/2018,05/02/2018,,,,,,,,,,,,,http://www.eib.org/about/accountability/complaints/cases/trans-adriatic-pipeline20,,,
EIB,2018,Greece,Trans Adriatic Pipeline,SG/E/2018/12,29,Confidential,,,,,,,,,,Assessment,04/02/2018,04/02/2018,,,,,,,,,,,,,http://www.eib.org/about/accountability/complaints/cases/trans-adriatic-pipeline19,,,
EIB,2018,Spain,Spain Gas Network Expansion II,SG/E/2018/13,29,Confidential,,,,,,,,,,Assessment,02/02/2018,02/02/2018,,,,,,,,,,,,,http://www.eib.org/about/accountability/complaints/cases/spain-gas-network-expansion-ii,,,
EIB,2018,Italy,Trans Adriatic Pipeline,SG/E/2018/09,29,Confidential,,,,,,,,,,Assessment,01/02/2018,01/02/2018,,,,,,,,,,,,,http://www.eib.org/about/accountability/complaints/cases/trans-adriatic-pipeline18,,,
EIB,2018,Italy,Trans Adriatic Pipeline,SG/E/2018/08,29,Confidential,,,,,,,,,,Assessment,29/01/2018,29/01/2018,,,,,,,,,,,,,http://www.eib.org/about/accountability/complaints/cases/trans-adriatic-pipeline17,,,
EIB,2018,Italy,Trans Adriatic Pipeline,SG/E/2018/04,29,Confidential,,,,,,,,,,Assessment,21/01/2018,21/01/2018,,,,,,,,,,,,,http://www.eib.org/about/accountability/complaints/cases/trans-adriatic-pipeline14,,,
EIB,2018,Italy,Trans Adriatic Pipeline,SG/E/2018/07,29,Confidential,,,,,,,,,,Assessment,20/01/2018,20/01/2018,,,,,,,,,,,,,http://www.eib.org/about/accountability/complaints/cases/trans-adriatic-pipeline16,,,
EIB,2018,Italy,Trans Adriatic Pipeline,SG/E/2018/03,29,Confidential,,,,,,,,,,Assessment,20/01/2018,20/01/2018,,,,,,,,,,,,,http://www.eib.org/about/accountability/complaints/cases/trans-adriatic-pipeline15,,,
EIB,2018,Italy,Trans Adriatic Pipeline,SG/E/2018/06,29,Confidential,,,,,,,,,,Assessment,19/01/2018,19/01/2018,,,,,,,,,,,,,http://www.eib.org/about/accountability/complaints/cases/trans-adriatic-pipeline13,,,
EIB,2018,Italy,Trans Adriatic Pipeline,SG/E/2018/02,29,Confidential,,,,,,,,,,Assessment,19/01/2018,19/01/2018,,,,,,,,,,,,,http://www.eib.org/about/accountability/complaints/cases/trans-adriatic-pipeline12,,,
EIB,2018,Tunisia,S3 Doublement de la MC27,SG/E/2018/01,29,Confidential,,,,,,,,,,Assessment,08/01/2018,08/01/2018,,,,,,,,,,,,,http://www.eib.org/about/accountability/complaints/cases/s3-doublement-de-la-mc27,,,
EIB,2017,Egypt,Cairo Metro Line 3 (Phase 3),SG/E/2017/53,29,Confidential,,,,,,,,,,Assessment,14/12/2017,14/12/2017,,,,,,,,,,,,,http://www.eib.org/about/accountability/complaints/cases/cairo-metro-line-3-phase3,,,
EIB,2017,Italy,Trans Adriatic Pipeline,SG/E/2017/50,29,Confidential,,,,,,,,,,Assessment,13/12/2017,13/12/2017,,,,,,,,,,,,,http://www.eib.org/about/accountability/complaints/cases/trans-adriatic-pipeline11,,,
EIB,2017,Italy,Trans Adriatic Pipeline,SG/E/2017/49,29,Confidential,,,,,,,,,,Assessment,07/12/2017,07/12/2017,,,,,,,,,,,,,http://www.eib.org/about/accountability/complaints/cases/trans-adriatic-pipeline10,,,
EIB,2017,Italy,Trans Adriatic Pipeline,SG/E/2017/48,29,Confidential,,,,,,,,,,Assessment,07/12/2017,07/12/2017,,,,,,,,,,,,,http://www.eib.org/about/accountability/complaints/cases/trans-adriatic-pipeline9,,,
EIB,2017,Italy,Trans Adriatic Pipeline,SG/E/2017/47,29,Confidential,,,,,,,,,,Assessment,07/12/2017,07/12/2017,,,,,,,,,,,,,http://www.eib.org/about/accountability/complaints/cases/trans-adriatic-pipeline8,,,
EIB,2017,Kenya,Regional Mombasa Port Access Road,SG/E/2017/46,29,Confidential,,,,,,,,,,Assessment,07/12/2017,07/12/2017,,,,,,,,,,,,,http://www.eib.org/about/accountability/complaints/cases/regional-mombasa-port-access-road2,,,
EIB,2017,Italy,Trans Adriatic Pipeline,SG/E/2017/45,29,Confidential,,,,,,,,,,Assessment,06/12/2017,06/12/2017,,,,,,,,,,,,,http://www.eib.org/about/accountability/complaints/cases/trans-adriatic-pipeline7,,,
EIB,2017,Italy,Trans Adriatic Pipeline,SG/E/2017/44,29,Confidential,,,,,,,,,,Assessment,30/11/2017,30/11/2017,,,,,,,,,,,,,http://www.eib.org/about/accountability/complaints/cases/trans-adriatic-pipeline5,,,
EIB,2017,Italy,Trans Adriatic Pipeline,SG/E/2017/43/PR,29,Confidential,,,,,,,,,,Assessment,21/11/2017,21/11/2017,,,,,,,,,,,,,http://www.eib.org/about/accountability/complaints/cases/trans-adriatic-pipeline6,,,
EIB,2017,Italy,Trans Adriatic Pipeline,SG/E/2017/42/PR,29,Confidential,,,,,,,,,,Assessment,19/11/2017,19/11/2017,,,,,,,,,,,,,http://www.eib.org/about/accountability/complaints/cases/trans-adriatic-pipeline4,,,
EIB,2017,Italy,Trans Adriatic Pipeline,SG/E/2017/38/PR,29,﻿Confidential,,,,,,,,,,Assessment,15/11/2017,15/11/2017,,,,,,,,,,,,,http://www.eib.org/about/accountability/complaints/cases/trans-adriatic-pipeline3,,,
EIB,2017,Italy,Trans Adriatic Pipeline,SG/E/2017/39/PR,29,Confidential,,,,,,,,,,Assessment,15/11/2017,15/11/2017,,,,,,,,,,,,,http://www.eib.org/about/accountability/complaints/cases/trans-adriatic-pipeline2,,,
EIB,2017,Italy,Trans Adriatic Pipeline,SG/E/2017/40/PR,29,Confidential,,,,,,,,,,Assessment,15/11/2017,15/11/2017,,,,,,,,,,,,,http://www.eib.org/about/accountability/complaints/cases/trans-adriatic-pipeline1,,,
EIB,2017,Kenya,Regional Mombasa Port Access Road,SG/E/2017/41,29,Confidential,,,,,,,,,,Assessment,09/11/2017,09/11/2017,,,,,,,,,,,,,http://www.eib.org/about/accountability/complaints/cases/regional-mombasa-port-access-road1,,,
EIB,2017,Georgia,E70 Grigoleti-Kobuleti Bypass,SG/E/2017/37/PR,29,Confidential,,,,,,,,,,Closed,12/10/2017,12/10/2017,,,,,,,,,,,,,http://www.eib.org/about/accountability/complaints/cases/e70-grigoleti-kobuleti-bypass,,,
EIB,2017,Italy,Trans Adriatic Pipeline,SG/E/2017/36/PR,29,Confidential,,,,,,,,,,Closed,26/09/2017,26/09/2017,,,,,,,,,,,,,http://www.eib.org/about/accountability/complaints/cases/trans-adriatic-pipeline,,,
EIB,2017,Italy,Trans Adriatic Pipeline,SG/E/2017/35/PR,29,Confidential,,,,,,,,,,Closed,02/08/2017,02/08/2017,,,,,,,,,,,,,http://www.eib.org/about/accountability/complaints/cases/sg-e-2017-35-pr-trans-adriatic-pipeline,,,
EIB,2017,,Trans Adriatic Pipeline,SG/E/2017/33/PR,29,Confidential,,,,,,,,,,Closed,26/07/2017,26/07/2017,,,,,,,,,,,,,http://www.eib.org/about/accountability/complaints/cases/sg-e-2017-33-pr-trans-adriatic-pipeline,,,
EIB,2017,Egypt,Cairo Metro Line 3 (Phase 3),SG/E/2017/34,29,Confidential,,,,,,,,,,Assessment,21/07/2017,21/07/2017,,,,,,,,,,,,,http://www.eib.org/about/accountability/complaints/cases/sg-e-2017-34-cairo-metro-line-3-phase-3,,,
EIB,2017,,Trans Adriatic Pipeline,SG/E/2017/32/PR,29,Confidential,,,,,,,,,,Closed,20/07/2017,20/07/2017,,,,,,,,,,,,,http://www.eib.org/about/accountability/complaints/cases/sg-e-2017-32-pr-trans-adriatic-pipeline,,,
EIB,2017,Kenya,Regional Mombasa Port Access Road,SG/E/2017/30,29,Confidential,,,,,,,,,,Assessment,17/07/2017,17/07/2017,,,,,,,,,,,,,http://www.eib.org/about/accountability/complaints/cases/sg-e-2017-30-regional-mombasa-port-access-road,,,
EIB,2017,Italy,Trans Adriatic Pipeline,SG/E/2017/31/PR,29,Confidential,,,,,,,,,,Closed,11/07/2017,11/07/2017,,,,,,,,,,,,,http://www.eib.org/about/accountability/complaints/cases/sg-e-2017-31-pr-trans-adriatic-pipeline,,,
EIB,2017,,Trans Adriatic Pipeline,SG/E/2017/26/PR,29,Confidential,,,,,,,,,,Assessment,06/07/2017,06/07/2017,,,,,,,,,,,,,http://www.eib.org/about/accountability/complaints/cases/sg-e-2017-26-pr-trans-adriatic-pipeline,,,
EIB,2017,,Regional Mombasa Port Access Road,SG/E/2017/28,29,Confidential,,,,,,,,,,Assessment,04/07/2017,04/07/2017,,,,,,,,,,,,,http://www.eib.org/about/accountability/complaints/cases/regional-mombasa-port-access-road,,,
EIB,2017,Spain,Membrane Technology Environmental Conversion,SG/E/2017/29,29,IIDMA - International Institute for Law and the Environment,,,,,,,,,,Closed,04/07/2017,04/07/2017,,,,,,,,,,,,,http://www.eib.org/about/accountability/complaints/cases/sg-e-2017-29-membrane-technology-environmental-conversion,,,
EIB,2017,Italy,Trans Adriatic Pipeline,SG/E/2017/25/PR,29,Confidential,,,,,,,,,,Closed,03/07/2017,03/07/2017,,,,,,,,,,,,,http://www.eib.org/about/accountability/complaints/cases/sg-e-2017-25-pr-trans-adriatic-pipeline,,,
EIB,2017,Italy,Trans Adriatic Pipeline,SG/E/2017/24/PR,29,Confidential,,,,,,,,,,Closed,03/07/2017,03/07/2017,,,,,,,,,,,,,http://www.eib.org/about/accountability/complaints/cases/sg-e-2017-24-pr-trans-adriatic-pipeline,,,
EIB,2017,Kenya,Regional Mombasa Port Access Road,SG/E/2017/27,29,Confidential,,,,,,,,,,Assessment,30/06/2017,30/06/2017,,,,,,,,,,,,,http://www.eib.org/about/accountability/complaints/cases/sg-e-2017-27-regional-mombasa-port-access-road,,,
EIB,2017,Georgia,Georgia East-West Highway,SG/E/2017/23,29,Confidential,,,,,,,,,,Assessment,27/06/2017,27/06/2017,,,,,,,,,,,,,http://www.eib.org/about/accountability/complaints/cases/sg-e-2017-23-georgia-east-west-highway,,,
EIB,2017,Italy,Trans Adriatic Pipeline,SG/E/2017/22/PR,29,Confidential,,,,,,,,,,Closed,26/06/2017,26/06/2017,,,,,,,,,,,,,http://www.eib.org/about/accountability/complaints/cases/sg-e-2017-22-pr-trans-adriatic-pipeline,,,
EIB,2017,Albania,Trans Adriatic Pipeline,SG/E/2017/21/PR,29,Emrion Muso (the Complainant has waived the right to confidentiality),,,,,,,,,,Closed,01/06/2017,01/06/2017,,,,,,,,,,,,,http://www.eib.org/about/accountability/complaints/cases/sg-e-2017-21-pr-trans-adriatic-pipeline,,,
EIB,2017,Kenya,Regional Mombasa Port Access Road,SG/E/2017/20,29,Confidential,,,,,,,,,,Assessment,25/05/2017,25/05/2017,,,,,,,,,,,,,http://www.eib.org/about/accountability/complaints/cases/sg-e-2017-20-regional-mombasa-port-access-road,,,
EIB,2017,Kenya,Regional Mombasa Port Access Road,SG/E/2017/18,29,Confidential,,,,,,,,,,Assessment,22/05/2017,22/05/2017,,,,,,,,,,,,,http://www.eib.org/about/accountability/complaints/cases/sg-e-2017-19-regional-mombasa-port-access-road,,,
EIB,2017,Kenya,Regional Mombasa Port Access Road,SG/E/2017/18,29,Confidential,,,,,,,,,,Assessment,19/05/2017,19/05/2017,,,,,,,,,,,,,http://www.eib.org/about/accountability/complaints/cases/sg-e-2017-18-regional-mombasa-port-access-road,,,
EIB,2017,Morocco,Centrale Solaire de Ouarzazate,SG/E/2017/17,29,Confidential,,,,,,,,,,Assessment,15/05/2017,15/05/2017,,,,,,,,,,,,,http://www.eib.org/about/accountability/complaints/cases/sg-e-2017-17-centrale-solaire-de-ouarzazate,,,
EIB,2017,Kenya,Regional Mombasa Port Access Road,SG/E/2017/16,29,Confidential,,,,,,,,,,Assessment,09/05/2017,09/05/2017,,,,,,,,,,,,,http://www.eib.org/about/accountability/complaints/cases/sg-e-2017-16-regional-mombasa-port-access-road,,,
EIB,2017,Bosnia and Herzegovina,Corridor VC Mostar South,SG/E/2017/15,29,Confidential,,,,,,,,,,Assessment,02/05/2017,02/05/2017,,,,,,,,,,,,,http://www.eib.org/about/accountability/complaints/cases/sg-e-2017-15-corridor-vc-mostar-south,,,
EIB,2017,Kenya,Regional Mombasa Port Access Road,SG/E/2017/14,29,Confidential,,,,,,,,,,Assessment,03/04/2017,03/04/2017,,,,,,,,,,,,,http://www.eib.org/about/accountability/complaints/cases/sg-e-2017-14-regional-mombasa-port-access-road,,,
EIB,2017,Kenya,Regional Mombasa Port Access Road,SG/E/2017/13,29,Confidential,,,,,,,,,,Assessment,29/03/2017,29/03/2017,,,,,,,,,,,,,http://www.eib.org/about/accountability/complaints/cases/sg-e-2017-13-regional-mombasa-port-access-road2,,,
EIB,2017,Kenya,Regional Mombasa Port Access Road,SG/E/2017/12,29,Confidential,,,,,,,,,,Assessment,29/03/2017,29/03/2017,,,,,,,,,,,,,http://www.eib.org/about/accountability/complaints/cases/sg-e-2017-12-regional-mombasa-port-access-road1,,,
EIB,2017,Kenya,Regional Mombasa Port Access Road,SG/E/2017/11,29,Confidential,,,,,,,,,,Assessment,27/03/2017,27/03/2017,,,,,,,,,,,,,http://www.eib.org/about/accountability/complaints/cases/sg-e-2017-11-regional-mombasa-port-access-road,,,
EIB,2017,Egypt,Cairo Metro Line 3 (Phase 3),SG/E/2017/10,29,Confidential,,,,,,,,,,Assessment,02/03/2017,02/03/2017,,,,,,,,,,,,,http://www.eib.org/about/accountability/complaints/cases/sg-e-2017-10-cairo-metro-line-3-phase-3,,,
EIB,2017,Kenya,Regional Mombasa Port Access Road,SG/E/2017/09,29,Confidential,,,,,,,,,,Assessment,02/03/2017,02/03/2017,,,,,,,,,,,,,http://www.eib.org/about/accountability/complaints/cases/sg-e-2017-09-regional-mombasa-port-access-road,,,
EIB,2017,Kenya,Regional Mombasa Port Access Road,SG/E/2017/08,29,Confidential,,,,,,,,,,Assessment,01/03/2017,01/03/2017,,,,,,,,,,,,,http://www.eib.org/about/accountability/complaints/cases/sg-e-2017-08-regional-mombasa-port-access-road,,,
EIB,2017,Italy,Trans Adriatic Pipeline,SG/E/2017/07/PR,29,Confidential,,,,,,,,,,Closed,08/02/2017,08/02/2017,,,,,,,,,,,,,http://www.eib.org/about/accountability/complaints/cases/sg-e-2017-07-pr-trans-adriatic-pipeline,,,
EIB,2017,France,Autoroute A45 PPP,SG/E/2017/06/PR,29,Confidential,,,,,,,,,,Closed,06/02/2017,06/02/2017,,,,,,,,,,,,,http://www.eib.org/about/accountability/complaints/cases/sg-e-2017-06-pr-autoroute-a45-ppp,,,
EIB,2017,Armenia,Armenia M6 Interstate Road,SG/E/2017/05,29,Confidential,,,,,,,,,,Follow Up,27/01/2017,27/01/2017,,,,,,,,,,,,,http://www.eib.org/about/accountability/complaints/cases/sg-e-2017-05-armenia-m6-interstate-road,,,
EIB,2017,Georgia,Nenskra HPP,SG/E/2017/04/PR,29,Green Alternative,,,,,,,,,,Closed,27/01/2017,27/01/2017,,,,,,,,,,,,,http://www.eib.org/about/accountability/complaints/cases/sg-e-2017-04-pr-nenskra-hpp,,,
EIB,2017,Kenya,Regional Mombasa Port Access Road,SG/E/2017/03,29,Confidential,,,,,,,,,,Assessment,18/01/2017,18/01/2017,,,,,,,,,,,,,http://www.eib.org/about/accountability/complaints/cases/sg-e-2017-03-regional-mombasa-port-access-road,,,
EIB,2017,Georgia,Georgia East-West Highway,SG/E/2017/02,29,Ivliane Mantidze,,,,,,,,,,Assessment,09/01/2017,09/01/2017,,,,,,,,,,,,,http://www.eib.org/about/accountability/complaints/cases/sg-e-2017-02-georgia-east-west-highway,,,
EIB,2017,Slovenia,JASPERS - Ljubiljana Wastewater Collection & Treatment,SG/E/2017/01,29,Ivliane Mantidze,,,,,,,,,,Closed,06/01/2017,06/01/2017,,,,,,,,,,,,,http://www.eib.org/about/accountability/complaints/cases/sg-e-2017-01-jaspers-ljubiljana-wastewater-collection-and-treatment,,,
EIB,2016,Croatia,JASPERS - Lecevica Waste Management Centre,SG/E/2016/29,29,Ivliane Mantidze,,,,,,,,,,Consultation,21/12/2016,21/12/2016,,,,,,,,,,,,,http://www.eib.org/about/accountability/complaints/cases/sg-e-2016-29-jaspers-lecevica-waste-management-center,,,
EIB,2016,Ukraine,KANIV Pumped Storage Plant,SG/E/2016/28/PR,29,Confidential,,,,,,,,,,Closed,22/11/2016,22/11/2016,,,,,,,,,,,,,http://www.eib.org/about/accountability/complaints/cases/sg-e-2016-28-pr-kaniv-pumped-storage-plant,,,
EIB,2016,Tunisia,Reseau Ferroviaire Rapide,SG/E/2016/26,29,Confidential,,,,,,,,,,Investigation,11/11/2016,11/11/2016,,,,,,,,,,,,,http://www.eib.org/about/accountability/complaints/cases/sg-e-2016-26-reseau-ferroviaire-rapide,,,
EIB,2016,Ukraine,KANIV Pumped Storage Plant,SG/E/2016/27/PR,29,Confidential,,,,,,,,,,Closed,09/11/2016,09/11/2016,,,,,,,,,,,,,http://www.eib.org/about/accountability/complaints/cases/sg-e-2016-27-pr-kaniv-pumped-storage-plant,,,
EIB,2016,Italy,Trans Adriatic Pipeline,SG/E/2016/23/PR,29,Confidential,,,,,,,,,,Closed,13/10/2016,13/10/2016,,,,,,,,,,,,,http://www.eib.org/about/accountability/complaints/cases/sg-e-2016-23-pr-trans-adriatic-pipeline,,,
EIB,2016,Bosnia and Herzegovina,Banja Luka-Doboj Motorway,SG/E/2016/24,29,Savo Bojic,,,,,,,,,,Assessment,12/10/2016,12/10/2016,,,,,,,,,,,,,http://www.eib.org/about/accountability/complaints/cases/sg-e-2016-24-banja-luka-doboj-motorway,,,
EIB,2016,Italy,Trans Adriatic Pipeline,SG/E/2016/22/PR,29,Confidential,,,,,,,,,,Closed,11/10/2016,11/10/2016,,,,,,,,,,,,,http://www.eib.org/about/accountability/complaints/cases/sg-e-2016-22-pr-trans-adriatic-pipeline,,,
EIB,2016,Albania,Trans Adriatic Pipeline,SG/E/2016/21/PR,29,Natasha Ceta,,,,,,,,,,Closed,29/09/2016,29/09/2016,,,,,,,,,,,,,http://www.eib.org/about/accountability/complaints/cases/sg-e-2016-21-pr-trans-adriatic-pipeline,,,
EIB,2016,Albania,Trans Adriatic Pipeline,SG/E/2016/20/PR,29,Bashkim Zylyftari,,,,,,,,,,Closed,29/09/2016,29/09/2016,,,,,,,,,,,,,http://www.eib.org/about/accountability/complaints/cases/sg-e-2016-20-pr-trans-adriatic-pipeline,,,
EIB,2016,Albania,Trans Adriatic Pipeline,SG/E/2016/19/PR,29,Sabri Zylyftari,,,,,,,,,,Closed,29/09/2016,29/09/2016,,,,,,,,,,,,,http://www.eib.org/about/accountability/complaints/cases/sg-e-2016-19-pr-trans-adriatic-pipeline,,,
EIB,2016,Costa Rica,CA CCFL Reventazon Hydropower,SG/E/2016/18,29,"Alexandra Gruninger, Kurt Gruninger, Eladio González Solís, Sascha Spittel",,,,,,,,,,Investigation,28/09/2016,28/09/2016,,,,,,,,,,,,,http://www.eib.org/about/accountability/complaints/cases/sg-e-2016-18-ca-ccfl-reventazon-hydropower,,,
EIB,2016,Albania,Trans Adriatic Pipeline,SG/E/2016/17/PR,29,Confidential,,,,,,,,,,Closed,14/09/2016,14/09/2016,,,,,,,,,,,,,http://www.eib.org/about/accountability/complaints/cases/sg-e-2016-17-pr-trans-adriatic-pipeline,,,
EIB,2016,Albania,Trans Adriatic Pipeline,SG/E/2016/16/PR,29,Agim Bendo,,,,,,,,,,Closed,07/09/2016,07/09/2016,,,,,,,,,,,,,http://www.eib.org/about/accountability/complaints/cases/sg-e-2016-16-pr-trans-adriatic-pipeline,,,
EIB,2016,Albania,Trans Adriatic Pipeline,SG/E/2016/15/PR,29,Fazo Farasholli,,,,,,,,,,Closed,07/09/2016,07/09/2016,,,,,,,,,,,,,http://www.eib.org/about/accountability/complaints/cases/sg-e-2016-15-pr-trans-adriatic-pipeline,,,
EIB,2016,Albania,Trans Adriatic Pipeline,SG/E/2016/14/PR,29,Gezim Cacelli,,,,,,,,,,Closed,07/09/2016,07/09/2016,,,,,,,,,,,,,http://www.eib.org/about/accountability/complaints/cases/sg-e-2016-14-pr-trans-adriatic-pipeline,,,
EIB,2016,Albania,Trans Adriatic Pipeline,SG/E/2016/13/PR,29,Arjan Beqollari,,,,,,,,,,Closed,02/09/2016,02/09/2016,,,,,,,,,,,,,http://www.eib.org/about/accountability/complaints/cases/sg-e-2016-13-pr-trans-adriatic-pipeline,,,
EIB,2016,Albania,Trans Adriatic Pipeline,SG/E/2016/12/PR,29,Ngjeli Komini Toli (the Complainant has waived the right to confidentiality),,,,,,,,,,Closed,02/09/2016,02/09/2016,,,,,,,,,,,,,http://www.eib.org/about/accountability/complaints/cases/sg-e-2016-12-pr-trans-adriatic-pipeline,,,
EIB,2016,Albania,Trans Adriatic Pipeline,SG/E/2016/11/PR,29,Confidential,,,,,,,,,,Closed,24/08/2016,24/08/2016,,,,,,,,,,,,,http://www.eib.org/about/accountability/complaints/cases/sg-e-2016-11-pr-trans-adriatic-pipeline,,,
EIB,2016,Bulgaria,JESSICA Initiative,SG/E/2016/25,29,Confidential,,,,,,,,,,Assessment,10/08/2016,10/08/2016,,,,,,,,,,,,,http://www.eib.org/about/accountability/complaints/cases/sg-e-2016-25-jessica-initiative,,,
EIB,2016,Albania,Trans Adriatic Pipeline,SG/E/2016/09/PR,29,Confidential,,,,,,,,,,Closed,23/07/2016,23/07/2016,,,,,,,,,,,,,http://www.eib.org/about/accountability/complaints/cases/sg-e-2016-09-pr-trans-adriatic-pipeline,,,
EIB,2016,France,Grand Contournement Ouest de Strasbourg,SG/E/2016/10,29,Alsace Nature,,,,,,,,,,Investigation,19/07/2016,19/07/2016,,,,,,,,,,,,,http://www.eib.org/about/accountability/complaints/cases/sg-e-2016-10-grand-contournement-ouest-de-strasbourg,,,
EIB,2016,Egypt,Cairo Metro Line 3 (Phase 3),SG/E/2016/08,29,Confidential,,,,,,,,,,Assessment,19/06/2016,19/06/2016,,,,,,,,,,,,,http://www.eib.org/about/accountability/complaints/cases/sg-e-2016-08-cairo-metro-line-3-phase-3,,,
EIB,2016,,D4R7 Slovakia PPP,SG/E/2016/07,29,NGO Triblavina,,,,,,,,,,Closed,03/06/2016,03/06/2016,,,,,,,,,,,,,http://www.eib.org/about/accountability/complaints/cases/sg-e-2016-07-d4r7-slovakia-ppp,,,
EIB,2016,Morocco,Projects Solaires Ouarzazate,SG/E/2016/06,29,Confidential,,,,,,,,,,Closed,05/05/2016,05/05/2016,,,,,,,,,,,,,http://www.eib.org/about/accountability/complaints/cases/sg-e-2016-06-projects-solaires-ouarzazate,,,
EIB,2016,Georgia,Georgia East-West Highway,SG/E/2016/05,29,Bidzina Jibladze,,,,,,,,,,Assessment,21/04/2016,21/04/2016,,,,,,,,,,,,,http://www.eib.org/about/accountability/complaints/cases/sg-e-2016-05-georgia-east-west-highway,,,
EIB,2016,Tunisia,Réseau Ferroviaire Rapide,SG/E/2016/04,29,Confidential,,,,,,,,,,Investigation,06/04/2016,06/04/2016,,,,,,,,,,,,,http://www.eib.org/about/accountability/complaints/cases/sg-e-2016-04-reseau-ferroviaire-rapide,,,
EIB,2016,,Nam Theun 2 Hydroelectric,SG/E/2016/03,29,CEE Bankwatch Network,,,,,,,,,,Assessment,06/04/2016,06/04/2016,,,,,,,,,,,,,http://www.eib.org/about/accountability/complaints/cases/sg-e-2016-03-nam-theun-2-hydroelectric,,,
EIB,2016,Tunisia,Rocade Extérieure du Grand Tunis,SG/E/2016/02,29,Confidential,,,,,,,,,,Closed,08/01/2016,08/01/2016,,,,,,,,,,,,,http://www.eib.org/about/accountability/complaints/cases/sg-e-2016-02-rocade-exterieure-du-grand-tunis,,,
EIB,2015,Greece,Trans Adriatic Pipeline,SG/E/2016/01/PR,29,Confidential,,,,,,,,,,Follow Up,17/12/2015,17/12/2015,,,,,,,,,,,,,http://www.eib.org/about/accountability/complaints/cases/sg-e-2016-01-pr-trans-adriatic-pipeline,,,
EIB,2015,Italy,Universita' di Verona,SG/E/2015/17 Universita' di Verona,29,Confidential,,,,,,,,,,Closed,01/12/2015,01/12/2015,,,,,,,,,,,,,http://www.eib.org/about/accountability/complaints/cases/sg-e-2015-17-university-di-verona,,,
EIB,2015,Slovakia,D4R7 Slovakia PPP,SG/E/2015/16,29,Institute INEKO and Nadácia Zastavme Korupciu,,,,,,,,,,Closed,05/11/2015,05/11/2015,,,,,,,,,,,,,http://www.eib.org/about/accountability/complaints/cases/sg-e-2015-16-d4r7-slovakia-ppp,,,
EIB,2015,Greece,Trans Adriatic Pipeline,SG/E/2015/15/PR,29,Confidential,,,,,,,,,,Closed,05/10/2015,05/10/2015,,,,,,,,,,,,,http://www.eib.org/about/accountability/complaints/cases/sg-e-2015-15-pr-trans-adriatic-pipeline,,,
EIB,2015,Poland,S7 Expressway,SG/E/2015/14,29,Stowarzyszenie Pracownia na rzecz Wszystkich Istot and CEE Bankwatch Network,,,,,,,,,,Follow Up,24/09/2015,24/09/2015,,,,,,,,,,,,,http://www.eib.org/about/accountability/complaints/cases/sg-e-2015-14-s7-expressway,,,
EIB,2015,,NER 300 Cyprus,SG/E/2015/13,29,Confidential,,,,,,,,,,Closed,07/09/2015,07/09/2015,,,,,,,,,,,,,http://www.eib.org/about/accountability/complaints/cases/sg-e-2015-13-ner-300-cyprus,,,
EIB,2015,Greece,Trans Adriatic Pipeline,SG/E/2015/11/PR,29,Confidential,,,,,,,,,,Closed,28/08/2015,28/08/2015,,,,,,,,,,,,,http://www.eib.org/about/accountability/complaints/cases/sg-e-2015-11-pr-trans-adriatic-pipeline,,,
EIB,2015,Bulgaria,Sofia Municipal Infrastructure,SG/E/2015/10,29,Confidential,,,,,,,,,,Closed,18/08/2015,18/08/2015,,,,,,,,,,,,,http://www.eib.org/about/accountability/complaints/cases/sg-e-2015-10-sofia-municipal-infrastructure,,,
EIB,2015,Italy,EGP-Powercrop Biomass Programme,SG/E/2015/12,29,Confidential,,,,,,,,,,Investigation,10/08/2015,10/08/2015,,,,,,,,,,,,,http://www.eib.org/about/accountability/complaints/cases/sg-e-2015-12-egp-powercrop-biomass-programme,,,
EIB,2015,Italy,Termovalorizzatore di Firenze,SG/E/2015/08,29,Confidential,,,,,,,,,,Investigation,21/05/2015,21/05/2015,,,,,,,,,,,,,http://www.eib.org/about/accountability/complaints/cases/sg-e-2015-08-termovalorizzatore-di-firenze,,,
EIB,2015,Poland,A4 Motorway Zgorzelec - Krzyowa,SG/E/2015/07,29,Confidential,,,,,,,,,,Closed,20/05/2015,20/05/2015,,,,,,,,,,,,,http://www.eib.org/about/accountability/complaints/cases/sg-e-2015-07-a4-motorway-zgorzelec-krzyowa,,,
EIB,2015,Cyprus,Vasilikos-Western Nicosia Conveyor Water Supply,SG/E/2015/09/PR,29,Friends of Akamas,,,,,,,,,,Closed,20/05/2015,20/05/2015,,,,,,,,,,,,,http://www.eib.org/about/accountability/complaints/cases/sg-e-2015-09-pr-vasilikos-western-nicosia-conveyor-water-supply,,,
EIB,2015,Italy,Termovalorizzatore di Firenze,SG/E/2015/06/PR,29,Friends of Akamas,,,,,,,,,,Closed,22/04/2015,22/04/2015,,,,,,,,,,,,,http://www.eib.org/about/accountability/complaints/cases/sg-e-2015-06-pr-termovalorizzatore-di-firenze,,,
EIB,2015,Sweden,ELENA Environmental Impact,SG/E/2015/05/PR,29,Sten Gülich,,,,,,,,,,Closed,22/04/2015,22/04/2015,,,,,,,,,,,,,http://www.eib.org/about/accountability/complaints/cases/sg-e-2015-05-pr-elena-environmental-impact,,,
EIB,2015,Spain,Mallorca Hospital,SG/E/2015/04,29,Confidential,,,,,,,,,,Closed,05/03/2015,05/03/2015,,,,,,,,,,,,,http://www.eib.org/about/accountability/complaints/cases/sg-e-2015-04-mallorca-hospital,,,
EIB,2015,Spain,Mediterranean Railway Corridor,SG/E/2015/03,29,Confidential,,,,,,,,,,Closed,27/01/2015,27/01/2015,,,,,,,,,,,,,http://www.eib.org/about/accountability/complaints/cases/sg-e-2015-03-mediterranean-railway-corridor,,,
EIB,2015,Russian Fed.,Vladivostok CHP Project,SG/E/2015/02,29,Confidential,,,,,,,,,,Closed,12/01/2015,12/01/2015,,,,,,,,,,,,,http://www.eib.org/about/accountability/complaints/cases/sg-e-2015-02-vladivostok-chp-project,,,
EIB,2014,Egypt,Cairo Metro Line 3 (Phase 3),SG/E/2015/01,29,Confidential,,,,,,,,,,Closed,30/12/2014,30/12/2014,,,,,,,,,,,,,http://www.eib.org/about/accountability/complaints/cases/sg-e-2015-01-cairo-metro-line-3-phase-3,,,
EIB,2014,Morocco,Groupe OCP – Modernisation,SG/E/2014/11,29,Confidential,,,,,,,,,,Closed,17/11/2014,17/11/2014,,,,,,,,,,,,,http://www.eib.org/about/accountability/complaints/cases/sg-e-2014-11-groupe-ocp-modernisation,,,
EIB,2014,Serbia,Municipal and Regional Infrastructure Loan,SG/E/2014/10,29,Confidential,,,,,,,,,,Closed,07/10/2014,07/10/2014,,,,,,,,,,,,,http://www.eib.org/about/accountability/complaints/cases/sg-e-2014-10-municipal-and-regional-infrastructure-loan,,,
EIB,2014,Serbia,EMS Electricity Network Upgrading,SG/E/2014/09,29,Dusan Mladenovic,,,,,,,,,,Investigation,21/09/2014,21/09/2014,,,,,,,,,,,,,http://www.eib.org/about/accountability/complaints/cases/sg-e-2014-09-ems-electricity-network-upgrading,,,
EIB,2014,Kenya,Olkaria B,SG/E/2014/08,29,"The Complainant has waived the right to confidentiality. However, the Complainant requested that his/her name remains anonymous.",,,,,,,,,,Follow Up,01/08/2014,01/08/2014,,,,,,,,,,,,,http://www.eib.org/about/accountability/complaints/cases/sg-e-2014-08-olkaria-b,,,
EIB,2014,Kenya,Olkaria A,SG/E/2014/07,29,"The Complainant has waived the right to confidentiality. However, the Complainant requested that his/her name remains anonymous.",,,,,,,,,,Follow Up,16/07/2014,16/07/2014,,,,,,,,,,,,,http://www.eib.org/about/accountability/complaints/cases/sg-e-2014-07-olkaria-a,,,
EIB,2014,Albania,Fier Bypass,SG/E/2014/06,29,Confidential,,,,,,,,,,Closed,17/06/2014,17/06/2014,,,,,,,,,,,,,http://www.eib.org/about/accountability/complaints/cases/sg-e-2014-06-fier-bypass,,,
EIB,2014,Spain,Mediterranean Railway Corridor,SG/E/2014/05/PR,29,Confidential,,,,,,,,,,Closed,14/05/2014,14/05/2014,,,,,,,,,,,,,http://www.eib.org/about/accountability/complaints/cases/sg-e-2014-05-pr-mediterranean-railway-corridor,,,
EIB,2014,Serbia,Belgrade Bypass,,29,,,,,,,,,,,Closed,03/03/2014,03/03/2014,,,,,,,,,,,,,http://www.eib.org/about/accountability/complaints/cases/sg-e-2014-04-belgrade-bypass,,,
EIB,2014,Spain,Valencia Centros Escolares II - 2,SG/E/2014/03,29,Confidential,,,,,,,,,,Closed,28/01/2014,28/01/2014,,,,,,,,,,,,,http://www.eib.org/about/accountability/complaints/cases/sg-e-2014-03-valencia-centros-escolares-ii-2,,,
EIB,2014,Belgium,Route E420 Frasnes-Bruly RTE,SG/E/2014/02,29,François Nicolas,,,,,,,,,,Assessment,22/01/2014,22/01/2014,,,,,,,,,,,,,http://www.eib.org/about/accountability/complaints/cases/sg-e-2014-02-route-e420-frasnes-bruly-rte,,,
EIB,2014,Cameroon,AES Sonel - Electricity Supply,SG/E/2014/01,29,Confidential,,,,,,,,,,Closed,21/01/2014,21/01/2014,,,,,,,,,,,,,http://www.eib.org/about/accountability/complaints/cases/aes-sonel-electricity-supply-cameroun,,,
EIB,2013,Spain,Castor Underground Gas Storage,SG/E/2013/12,29,Plataforma Ciutadana en Defensa de les Terres del Sènia,,,,,,,,,,Closed,03/12/2013,03/12/2013,,,,,,,,,,,,,http://www.eib.org/about/accountability/complaints/cases/castor-underground-gas-storage,,,
EIB,2013,Palestine,Electricity Network Upgrading,SG/E/2013/11,29,Plataforma Ciutadana en Defensa de les Terres del Sènia,,,,,,,,,,Closed,24/10/2013,24/10/2013,,,,,,,,,,,,,http://www.eib.org/about/accountability/complaints/cases/electricity-network-upgrading,,,
EIB,2013,Serbia,Railroad Gilje-Paracin,SG/E/2013/10,29,Plataforma Ciutadana en Defensa de les Terres del Sènia,,,,,,,,,,Closed,22/10/2013,22/10/2013,,,,,,,,,,,,,http://www.eib.org/about/accountability/complaints/cases/railroad-gilje-paracin,,,
EIB,2013,Spain,Medio Ambiente Water Infrastructure,SG/E/2013/08/PR,29,Confidential,,,,,,,,,,Closed,09/10/2013,09/10/2013,,,,,,,,,,,,,http://www.eib.org/about/accountability/complaints/cases/sg-e-2013-08-pr-medio-ambiente-water-infrastructure,,,
EIB,2013,Spain,Valencia Centros Escolares II - 2,,29,,,,,,,,,,,Closed,04/09/2013,04/09/2013,,,,,,,,,,,,,http://www.eib.org/about/accountability/complaints/cases/sg-e-2013-07-valencia-centros-escolares-II-2,,,
EIB,2013,Albania,Secondary and Local Roads Programme,SG/E/2013/06,29," Individual, Albania",,,,,,,,,,Admissibility,03/09/2013,03/09/2013,,,,,,,,,,,,,http://www.eib.org/about/accountability/complaints/cases/secondary-and-local-roads-programme,,,
EIB,2013,Spain,Valencia Centros Escolares II - 2,SG/E/2013/05,29," Individual, Albania",,,,,,,,,,Closed,05/08/2013,05/08/2013,,,,,,,,,,,,,http://www.eib.org/about/accountability/complaints/cases/sg-e-2013-05-valencia-centros-escolares-ii-2,,,
EIB,2013,Mauritius,Mauritius Waste Water,SG/E/2013/04/PR,29,"An individual from Mauritius, via Mr. Lucas Hartong MEP",,,,,,,,,,Closed,17/07/2013,17/07/2013,,,,,,,,,,,,,http://www.eib.org/about/accountability/complaints/cases/mauritius-waste-water,,,
EIB,2013,Spain,Terminal Contenedores Cadiz,SG/E/2013/03/Confirmatory,29,Teresa Vassallo and Marc Bugnard,,,,,,,,,,Closed,16/07/2013,16/07/2013,,,,,,,,,,,,,http://www.eib.org/about/accountability/complaints/cases/sg-e-2013-03-confirmatory-terminal-contenedores-cadiz,,,
EIB,2013,Spain,Puerto de Sevilla,SG/E/2013/09,29,Confidential,,,,,,,,,,Closed,16/07/2013,16/07/2013,,,,,,,,,,,,,http://www.eib.org/about/accountability/complaints/cases/sg-e-2013-09-puerto-de-sevilla,,,
EIB,2013,Serbia,Highway Interchange Petlovo Brdo,SG/E/2013/02,29,Confidential,,,,,,,,,,Closed,22/03/2013,22/03/2013,,,,,,,,,,,,,http://www.eib.org/about/accountability/complaints/cases/sg-e-2013-02-highway-interchange-petlovo-brdo,,,
EIB,2013,Croatia,Mariscina County Waste Management,SG/E/2013/01,29,Environment Protection Group Krizni Eko Stožer Marišćina,,,,,,,,,,Consultation,06/03/2013,06/03/2013,,,,,,,,,,,,,http://www.eib.org/about/accountability/complaints/cases/sg-e-2013-01-mariscina-county-waste-management,,,
EIB,2012,Bulgaria,Transit Roads V Lot 17,SG/E/2012/13,29,NGO Layers against corruption,,,,,,,,,,Closed,14/12/2012,14/12/2012,,,,,,,,,,,,,http://www.eib.org/about/accountability/complaints/cases/transit-roads-v-lot-17,,,
EIB,2012,Ireland,N11-N7 Motorway PPP,SG/E/2012/14,29,"Individual, Ireland",,,,,,,,,,Closed,07/12/2012,07/12/2012,,,,,,,,,,,,,http://www.eib.org/about/accountability/complaints/cases/n11-n7-motorway-ppp,,,
EIB,2012,Spain,ICL Specialty Chemicals R&D (RSFF),SG/E/2012/11,29,"Individual, Ireland",,,,,,,,,,Closed,19/10/2012,19/10/2012,,,,,,,,,,,,,http://www.eib.org/about/accountability/complaints/cases/sg-e-2012-11-icl-specialty-chemicals-r-and-d-rsff,,,
EIB,2012,Poland,DTS Expressway,SG/E/2012/10,29,The association ‘Stowarzyszenie Gliwiczanie dla Gliwic',,,,,,,,,,Closed,12/07/2012,12/07/2012,,,,,,,,,,,,,http://www.eib.org/about/accountability/complaints/cases/dts-expressway-poland,,,
EIB,2012,Ukraine,Rivne-Kyiv High Voltage Line,SG/E/2012/08,29,"National Ecological Center of Ukraine, a member of the CEE Bankwatch network, IUCN and Global Releaf",,,,,,,,,,Closed,06/07/2012,06/07/2012,,,,,,,,,,,,,http://www.eib.org/about/accountability/complaints/cases/sg-e-2012-08-rivne-kyiv-high-voltage-line,,,
EIB,2012,Cyprus,Larnaca Sewerage and Drainage I,SG/E/2012/07,29,Antonio Serraino,,,,,,,,,,Closed,26/05/2012,26/05/2012,,,,,,,,,,,,,http://www.eib.org/about/accountability/complaints/cases/sg-e-2012-07-larnaca-sewerage-and-drainage-i,,,
EIB,2012,,Ambatovy Nickel Project,SG/E/2012/04,29,Les Vergers De Madagascar (VDM) and Fikambanan’ny Mpamboly sy Mpiompy Tantely (FMMT),,,,,,,,,,Closed,09/05/2012,09/05/2012,,,,,,,,,,,,,http://www.eib.org/about/accountability/complaints/cases/sg-e-2012-04-%20ambatovy-nickel-project,,,
EIB,2012,Poland,Poland Motorways,SG/E/2012/09,29,"Individual, Poland",,,,,,,,,,Closed,09/05/2012,09/05/2012,,,,,,,,,,,,,http://www.eib.org/about/accountability/complaints/cases/poland-motorways,,,
EIB,2012,Poland,Eastern Poland Roads Ten-T,SG/E/2012/06,29,Confidential,,,,,,,,,,Closed,02/05/2012,02/05/2012,,,,,,,,,,,,,http://www.eib.org/about/accountability/complaints/cases/sg-e-2012-06-eastern-poland-roads-ten-t,,,
EIB,2012,Spain,Valencia Centros Escolares II-1 and II-2,SG/E/2012/05,29,"The Complainant has waived the right to confidentiality. However, the Complainant requested that his/her name remains anonymous.",,,,,,,,,,Closed,13/04/2012,13/04/2012,,,,,,,,,,,,,http://www.eib.org/about/accountability/complaints/cases/sg-e-2012-05-valencia-centros-escolares-II-1-and-II-2,,,
EIB,2012,Croatia,Waste Disposal Plant,SG/E/2012/03,29,Confidential,,,,,,,,,,Closed,14/03/2012,14/03/2012,,,,,,,,,,,,,http://www.eib.org/about/accountability/complaints/cases/sg-e-2012-03-waste-disposal-plant,,,
EIB,2012,Serbia,Municipal and Regional Infrastructure Loan,SG/E/2012/02,29,Oliver Stoiljkovic,,,,,,,,,,Closed,01/03/2012,01/03/2012,,,,,,,,,,,,,http://www.eib.org/about/accountability/complaints/cases/sg-e-2012-02-municipal-and-regional-infrastructure-loan,,,
EIB,2012,Tunisia,Autoroute Sfax-Gabes,SG/E/2012/01,29,Abdelhamid Bouchanoua,,,,,,,,,,Closed,13/02/2012,13/02/2012,,,,,,,,,,,,,http://www.eib.org/about/accountability/complaints/cases/sg-e-2012-01-autoroute-sfax-gabes,,,
EIB,2012,Egypt,Cairo Metro Line 3 (Phase 3),SG/E/2012/12,29,Abdelhamid Bouchanoua,,,,,,,,,,Closed,05/01/2012,05/01/2012,,,,,,,,,,,,,http://www.eib.org/about/accountability/complaints/cases/sg-e-2012-12-cairo-metro-line-3-phase-3,,,
EIB,2012,Spain,Terminal Contenedores Cadiz,SG/E/2011/18,29,Teresa Vasallo Varela and Marc Bugnard,,,,,,,,,,Closed,03/01/2012,03/01/2012,,,,,,,,,,,,,http://www.eib.org/about/accountability/complaints/cases/sg-e-2011-18-terminal-contenedores-cadiz,,,
EIB,2011,Tunisia,STEG - Sousse Power Plant,SG/E/2011/17,29,Teresa Vasallo Varela and Marc Bugnard,,,,,,,,,,Closed,12/12/2011,12/12/2011,,,,,,,,,,,,,http://www.eib.org/about/accountability/complaints/cases/steg-sousse-power-plant,,,
EIB,2011,Portugal,Porto De Aveiro,SG/E/2011/16,29,Teresa Vasallo Varela and Marc Bugnard,,,,,,,,,,Closed,08/11/2011,08/11/2011,,,,,,,,,,,,,http://www.eib.org/about/accountability/complaints/cases/porto-de-aveiro,,,
EIB,2011,Spain,Infrastructuras de la Nueva Dársena de Cartagena,SG/E/2011/15/INA,29,Teresa Vasallo Varela and Marc Bugnard,,,,,,,,,,Closed,04/11/2011,04/11/2011,,,,,,,,,,,,,http://www.eib.org/about/accountability/complaints/cases/infrastructuras-de-la-nueva-darsena-de-cartagena,,,
EIB,2011,Uganda,NFC Forestry Project,MC/E/2011/13,29,Own investigation launched at the request of the EIB President.,,,,,,,,,,Closed,20/10/2011,20/10/2011,,,,,,,,,,,,,http://www.eib.org/about/accountability/complaints/cases/nfc-forestry-project,,,
EIB,2011,Romania,Roads Rehabilitation VI,SG/E/2011/12,29,"Individual, Romania",,,,,,,,,,Closed,30/09/2011,30/09/2011,,,,,,,,,,,,,http://www.eib.org/about/accountability/complaints/cases/roads-rehabilitation-vi1,,,
EIB,2011,Serbia,Belgrade Bypass,SG/E/2011/11,29,Radomir Radisa on behalf of property owners,,,,,,,,,,Closed,23/09/2011,23/09/2011,,,,,,,,,,,,,http://www.eib.org/about/accountability/complaints/cases/sg-e-2011-11-belgrade-bypass,,,
EIB,2011,Turkey,Eurasia Tunnel,SG/E/2011/10,29,7 individual complainants,,,,,,,,,,Closed,27/05/2011,27/05/2011,,,,,,,,,,,,,http://www.eib.org/about/accountability/complaints/cases/eurasia-tunnel,,,
EIB,2011,Greece,KTK Motorway PPP,SG/E/2011/09,29,Confidential,,,,,,,,,,Closed,18/05/2011,18/05/2011,,,,,,,,,,,,,http://www.eib.org/about/accountability/complaints/cases/ktk-motorway-ppp,,,
EIB,2011,Serbia,Corridor 10 Highway E-75,SG/E/2011/08,29,The Chairman of the City of Leskovac Assembly.,,,,,,,,,,Closed,04/05/2011,04/05/2011,,,,,,,,,,,,,http://www.eib.org/about/accountability/complaints/cases/corridor-10-highway-e-75,,,
EIB,2011,Portugal,Portuguese Dam Program,SG/E/2011/07/PR,29,"GEOTA, Grupo de Estudos de Ordenamento do Território e Ambiente",,,,,,,,,,Closed,02/05/2011,02/05/2011,,,,,,,,,,,,,http://www.eib.org/about/accountability/complaints/cases/portuguese-dam-program,,,
EIB,2011,Romania,Bucharest Metro Line 5,SG/E/2011/06,29,"Individual, Romania",,,,,,,,,,Closed,29/04/2011,29/04/2011,,,,,,,,,,,,,http://www.eib.org/about/accountability/complaints/cases/bucharest-metro-line-5,,,
EIB,2011,Panama,Panama Canal Expansion,SG/E/2011/05,29,Gatún Lake Defense Committee,,,,,,,,,,Investigation,28/03/2011,28/03/2011,,,,,,,,,,,,,http://www.eib.org/about/accountability/complaints/cases/sg-e-2011-05-panama-canal-expansion,,,
EIB,2011,Portugal,Subconcessao Do Pinhal Interior,SG/E/2011/03,29,Confidential,,,,,,,,,,Investigation,04/03/2011,04/03/2011,,,,,,,,,,,,,http://www.eib.org/about/accountability/complaints/cases/sg-e-2011-03-subconcessao-do-pinhal-interior,,,
EIB,2011,Slovenia,TEŠ-Thermal Power Plant Sostanj,SG/E/2011/02,29,Confidential,,,,,,,,,,Investigation,28/02/2011,28/02/2011,,,,,,,,,,,,,http://www.eib.org/about/accountability/complaints/cases/sg-e-2011-02-tes-thermal-power-plant-sostanj,,,
EIB,2011,Poland,Warsaw Ring Road,SG/E/2011/01,29,Individuals on behalf of ‘Stowarzysyenie Sasiedzkie Zaluski Stasin’ and the inhabitants of Wlochy district.,,,,,,,,,,Closed,07/02/2011,07/02/2011,,,,,,,,,,,,,http://www.eib.org/about/accountability/complaints/cases/warsaw-ring-road,,,
EIB,2010,Mozambique,MOZAL II,SG/E/2010/16,29,"Coalition of Mozambican NGOs (Justiça Ambiental, Livaningo, Liga Moçambicana dos Direitos Humanos, Centro Terra Viva, Kulima and Centro de Integridade Pública)",,,,,,,,,,Closed,26/10/2010,26/10/2010,,,,,,,,,,,,,http://www.eib.org/about/accountability/complaints/cases/mozal-2,,,
EIB,2010,Poland,Torún Bridge,SG/E/2010/15,29,"Coalition of Mozambican NGOs (Justiça Ambiental, Livaningo, Liga Moçambicana dos Direitos Humanos, Centro Terra Viva, Kulima and Centro de Integridade Pública)",,,,,,,,,,Closed,19/10/2010,19/10/2010,,,,,,,,,,,,,http://www.eib.org/about/accountability/complaints/cases/torun-bridge1,,,
EIB,2010,Jordan,DISI - Amman Water Conveyor,SG/E/2010/14,29,Confidential,,,,,,,,,,Closed,14/10/2010,14/10/2010,,,,,,,,,,,,,http://www.eib.org/about/accountability/complaints/cases/disi-amman-water-conveyor-1998-2318,,,
EIB,2010,Austria,Brenner Base Tunnel,SG/E/2010/13,29,Confidential,,,,,,,,,,Closed,28/09/2010,28/09/2010,,,,,,,,,,,,,http://www.eib.org/about/accountability/complaints/cases/brenner-base-tunnel-evelyn-schlogl,,,
EIB,2010,Spain,Asturias Waste Management,SG/E/2010/12,29,Confidential,,,,,,,,,,Closed,24/09/2010,24/09/2010,,,,,,,,,,,,,http://www.eib.org/about/accountability/complaints/cases/sg-e-2010-12-asturias-waste-management,,,
EIB,2010,United Kingdom,Scottish & Southern Renewables,SG/E/2010/11,29,"Mr. Struan Stevenson, MEP, on behalf of constituents who reside in the area adjacent to the planned Gordonbush wind farm project.",,,,,,,,,,Admissibility,16/09/2010,16/09/2010,,,,,,,,,,,,,http://www.eib.org/about/accountability/complaints/cases/scottish-southern-renewables,,,
EIB,2010,Luxembourg,Noise pollution caused by the new EIB/EIF Building,SG/E/2010/10,29,"Mr. Struan Stevenson, MEP, on behalf of constituents who reside in the area adjacent to the planned Gordonbush wind farm project.",,,,,,,,,,Closed,29/07/2010,29/07/2010,,,,,,,,,,,,,http://www.eib.org/about/accountability/complaints/cases/noise-pollution-caused-by-the-new-eib-eif-building1,,,
EIB,2010,Luxembourg,Noise pollution caused by the new EIB/EIF Building,SG/E/2010/07,29,"Mr. Struan Stevenson, MEP, on behalf of constituents who reside in the area adjacent to the planned Gordonbush wind farm project.",,,,,,,,,,Closed,14/07/2010,14/07/2010,,,,,,,,,,,,,http://www.eib.org/about/accountability/complaints/cases/noise-pollution-caused-by-the-new-eib-eif-building,,,
EIB,2010,Mozambique,Ecocimento Fibre Cement,SG/E/2010/08,29,"Mr. Struan Stevenson, MEP, on behalf of constituents who reside in the area adjacent to the planned Gordonbush wind farm project.",,,,,,,,,,Admissibility,14/07/2010,14/07/2010,,,,,,,,,,,,,http://www.eib.org/about/accountability/complaints/cases/ecocimento-fibre-cement,,,
EIB,2010,Poland,"Motorway A-2, Confirmatory",SG/E/2010/09,29,"Individual, Poland",,,,,,,,,,Closed,10/07/2010,10/07/2010,,,,,,,,,,,,,http://www.eib.org/about/accountability/complaints/cases/confirmatory-motorway-a-2-poland,,,
EIB,2010,Spain,Gipuzkoa Waste Management,SG/E/2010/05,29,"Individual, Poland",,,,,,,,,,Closed,06/07/2010,06/07/2010,,,,,,,,,,,,,http://www.eib.org/about/accountability/complaints/cases/sg-e-2010-05-gipuzkoa-waste-management,,,
EIB,2010,Dominican Republic,BTA Toll Road,SG/E/2011/04/INA,29,Individual (Lawyers),,,,,,,,,,Closed,09/03/2010,09/03/2010,,,,,,,,,,,,,http://www.eib.org/about/accountability/complaints/cases/bta-toll-road,,,
EIB,2010,Serbia,Belgrade Urban Renewal,SG/E/2010/03,29,Confidential,,,,,,,,,,Follow Up,28/02/2010,28/02/2010,,,,,,,,,,,,,http://www.eib.org/about/accountability/complaints/cases/sg-e-2010-03-belgrade-urban-renewal,,,
EIB,2010,Serbia,Belgrade Urban Renewal,SG/E/2010/04,29,Confidential,,,,,,,,,,Follow Up,26/02/2010,26/02/2010,,,,,,,,,,,,,http://www.eib.org/about/accountability/complaints/cases/sg-e-2010-04-belgrade-urban-renewal,,,
EIB,2010,Ireland,N11-N7 Motorway PPP,SG/E/2010/2/INA,29,Confidential,,,,,,,,,,Closed,22/02/2010,22/02/2010,,,,,,,,,,,,,http://www.eib.org/about/accountability/complaints/cases/irish-motorway,,,
EIB,2010,Poland,DTS Expressway II,SG/E/2010/01,29,Confidential,,,,,,,,,,Closed,15/01/2010,15/01/2010,,,,,,,,,,,,,http://www.eib.org/about/accountability/complaints/cases/sg-e-2010-01-dts-expressway-II,,,
EIB,2009,Panama,Barro Blanco Hydroelectric,,29,,,,,,,,,,,Closed,11/12/2009,11/12/2009,,,,,,,,,,,,,http://www.eib.org/about/accountability/complaints/cases/sg-e-2009-11-barro-blanco-hydroelectric-project,,,
EIB,2009,Poland,Motorway A-2,SG/E/2009/10,29,,,,,,,,,,,Closed,03/12/2009,03/12/2009,,,,,,,,,,,,,http://www.eib.org/about/accountability/complaints/cases/motorway-a-2-poland,,,
EIB,2009,Uganda,Bujagali Hydroelectric Project,SG/E/2009/09,29,"NAPE (Uganda), Counter Balance (Europe), CLAI (Italy), Sherpa (France), and legal representatives of locally affected people",,,,,,,,,,Closed,02/12/2009,02/12/2009,,,,,,,,,,,,,http://www.eib.org/about/accountability/complaints/cases/sg-e-2009-09-bujagali-hydroelectric-project,,,
EIB,2009,Croatia,Zadar New Port,SG/E/2009/08,29,Confidential,,,,,,,,,,Closed,26/11/2009,26/11/2009,,,,,,,,,,,,,http://www.eib.org/about/accountability/complaints/cases/sg-e-2009-08-zadar-new-port,,,
EIB,2009,Serbia,Gazela Bridge Rehabilitation,,29,,,,,,,,,,,Closed,28/09/2009,28/09/2009,,,,,,,,,,,,,http://www.eib.org/about/accountability/complaints/cases/sg-e-2009-07-gazella-bridge-rehabilitaion,,,
EIB,2009,Spain,Petronor,SG/E/2009/06/INA,29,"Individual, Spain",,,,,,,,,,Closed,31/08/2009,31/08/2009,,,,,,,,,,,,,http://www.eib.org/about/accountability/complaints/cases/petronor-spain,,,
EIB,2009,Egypt,Nuweiba Power Plant Project,SG/E/2009/05,29,Multiple stakeholders,,,,,,,,,,Closed,19/05/2009,19/05/2009,,,,,,,,,,,,,http://www.eib.org/about/accountability/complaints/cases/nuweiba-power-plant-project-egypt,,,
EIB,2009,Egypt,South Sinai Power Plant,SG/E/2009/05,29,"Members of the Nuweiba Community - managers/owners of hotels, scuba diving centres, beach side camp owners, citizens of Nuweiba, local NGO, tourist operators, resident EU citizens and representatives of the 2 Bedouin tribes",,,,,,,,,,Closed,19/05/2009,19/05/2009,,,,,,,,,,,,,http://www.eib.org/about/accountability/complaints/cases/south-sinai-power-plant,,,
EIB,2009,Italy,MoSE Venice,SG/E/2009/04,29,"Mr Stefano Leoni, President of WWF Italia",,,,,,,,,,Closed,12/05/2009,12/05/2009,,,,,,,,,,,,,http://www.eib.org/about/accountability/complaints/cases/mose-venice,,,
EIB,2009,Slovakia,Slovak Motorways (PPP) D1 Phase I,,29,,,,,,,,,,,Closed,05/05/2009,05/05/2009,,,,,,,,,,,,,http://www.eib.org/about/accountability/complaints/cases/sg-e-2009-03-slovak-motorways-PPP-d1-phase-I,,,
EIB,2009,Serbia,Gazela Bridge,SG/E/2009/02,29,,,,,,,,,,,Closed,19/03/2009,19/03/2009,,,,,,,,,,,,,http://www.eib.org/about/accountability/complaints/cases/gazela-bridge-serbia,,,
EIB,2009,Ethiopia,Gilgel Gibe III Dam,SG/E/2009/01,29,"Ikal Angelei, Chairperson, Friends of Lake Turkana (FoLT), Kenya",,,,,,,,,,Closed,04/03/2009,04/03/2009,,,,,,,,,,,,,http://www.eib.org/about/accountability/complaints/cases/gilgel-gibe-iii-dam-ethiopia,,,
EIB,2008,Unknown,Transport Lending Policy,SG/E/2008/06,29,Mrs. Anna Roggenbuck (CEE Bankwatch) and Mrs. Anais Berthier (Client Earth Justice for the Planet),,,,,,,,,,Closed,07/11/2008,07/11/2008,,,,,,,,,,,,,http://www.eib.org/about/accountability/complaints/cases/transport-lending-policy,,,
EIB,2008,South Africa,Sonae Novobord,SG/E/2008/03,29,Mrs. Anna Roggenbuck (CEE Bankwatch) and Mrs. Anais Berthier (Client Earth Justice for the Planet),,,,,,,,,,Closed,14/04/2008,14/04/2008,,,,,,,,,,,,,http://www.eib.org/about/accountability/complaints/cases/sg-e-2008-03-sonae-novobord,,,
